{"DEN":{"_id":"DEN","name":"Denver","nickname":"Nuggets","stageName":"Denver","moneyline":{"wins":20,"loses":7,"ties":0,"win_profit":28.14,"lose_profit":27.33,"win_roi":0.042222222222222244,"lose_roi":0.012222222222222159},"spread":{"wins":16,"loses":11,"ties":0,"win_profit":30.84,"lose_profit":20.16,"win_roi":0.14222222222222222,"lose_roi":-0.25333333333333335},"totals":{"overs":18,"unders":9,"ties":0,"over_profit":34.73,"under_profit":17.11,"over_roi":0.28629629629629616,"under_roi":-0.36629629629629634},"total_games":27},"IND":{"_id":"IND","name":"Indiana","nickname":"Pacers","stageName":"Indiana","moneyline":{"wins":6,"loses":21,"ties":0,"win_profit":14.66,"lose_profit":34.38,"win_roi":-0.457037037037037,"lose_roi":0.27333333333333343},"spread":{"wins":14,"loses":13,"ties":0,"win_profit":26.84,"lose_profit":24.95,"win_roi":-0.005925925925925931,"lose_roi":-0.07592592592592595},"totals":{"overs":10,"unders":17,"ties":0,"over_profit":19.24,"under_profit":32.51,"over_roi":-0.28740740740740744,"under_roi":0.204074074074074},"total_games":27},"PHO":{"_id":"PHO","name":"Phoenix","nickname":"Suns","stageName":"Phoenix","moneyline":{"wins":15,"loses":12,"ties":0,"win_profit":32,"lose_profit":17.62,"win_roi":0.18518518518518517,"lose_roi":-0.3474074074074074},"spread":{"wins":17,"loses":10,"ties":0,"win_profit":32.61,"lose_profit":18.98,"win_roi":0.20777777777777776,"lose_roi":-0.29703703703703704},"totals":{"overs":12,"unders":15,"ties":0,"over_profit":22.98,"under_profit":28.4,"over_roi":-0.14888888888888888,"under_roi":0.0518518518518518},"total_games":27},"UTA":{"_id":"UTA","name":"Utah","nickname":"Jazz","stageName":"Utah","moneyline":{"wins":10,"loses":16,"ties":0,"win_profit":29.2,"lose_profit":21.56,"win_roi":0.12307692307692306,"lose_roi":-0.1707692307692308},"spread":{"wins":15,"loses":11,"ties":0,"win_profit":28.34,"lose_profit":20.29,"win_roi":0.09,"lose_roi":-0.21961538461538466},"totals":{"overs":17,"unders":9,"ties":0,"over_profit":32.629999999999995,"under_profit":17.02,"over_roi":0.25499999999999984,"under_roi":-0.3453846153846154},"total_games":26},"MIN":{"_id":"MIN","name":"Minnesota","nickname":"Timberwolves","stageName":"Minnesota","moneyline":{"wins":18,"loses":10,"ties":0,"win_profit":26.18,"lose_profit":25.84,"win_roi":-0.06500000000000002,"lose_roi":-0.07714285714285715},"spread":{"wins":11,"loses":17,"ties":0,"win_profit":21.09,"lose_profit":31.78,"win_roi":-0.2467857142857143,"lose_roi":0.13500000000000004},"totals":{"overs":13,"unders":15,"ties":0,"over_profit":23.939999999999998,"under_profit":28.44,"over_roi":-0.14500000000000007,"under_roi":0.01571428571428576},"total_games":28},"BK":{"_id":"BK","name":"Brooklyn","nickname":"Nets","stageName":"Brooklyn","moneyline":{"wins":7,"loses":19,"ties":0,"win_profit":23.06,"lose_profit":23.81,"win_roi":-0.11307692307692313,"lose_roi":-0.08423076923076928},"spread":{"wins":12,"loses":14,"ties":0,"win_profit":22.98,"lose_profit":26.77,"win_roi":-0.11615384615384614,"lose_roi":0.0296153846153846},"totals":{"overs":10,"unders":16,"ties":0,"over_profit":19.02,"under_profit":30.55,"over_roi":-0.2684615384615385,"under_roi":0.17500000000000002},"total_games":26},"POR":{"_id":"POR","name":"Portland","nickname":"Trail Blazers","stageName":"Portland","moneyline":{"wins":11,"loses":16,"ties":0,"win_profit":27.51,"lose_profit":29.34,"win_roi":0.018888888888888948,"lose_roi":0.08666666666666666},"spread":{"wins":14,"loses":13,"ties":0,"win_profit":25.87,"lose_profit":24.08,"win_roi":-0.041851851851851814,"lose_roi":-0.10814814814814822},"totals":{"overs":17,"unders":10,"ties":0,"over_profit":32.589999999999996,"under_profit":18.14,"over_roi":0.2070370370370369,"under_roi":-0.32814814814814813},"total_games":27},"CHA":{"_id":"CHA","name":"Charlotte","nickname":"Hornets","stageName":"Charlotte","moneyline":{"wins":9,"loses":18,"ties":0,"win_profit":24.82,"lose_profit":27.68,"win_roi":-0.08074074074074072,"lose_roi":0.025185185185185175},"spread":{"wins":14,"loses":13,"ties":0,"win_profit":26.44,"lose_profit":25.009999999999998,"win_roi":-0.020740740740740695,"lose_roi":-0.07370370370370377},"totals":{"overs":10,"unders":17,"ties":0,"over_profit":19.18,"under_profit":32.3,"over_roi":-0.2896296296296296,"under_roi":0.1962962962962962},"total_games":27},"BOS":{"_id":"BOS","name":"Boston","nickname":"Celtics","stageName":"Boston","moneyline":{"wins":16,"loses":11,"ties":0,"win_profit":27.82,"lose_profit":31.52,"win_roi":0.03037037037037038,"lose_roi":0.1674074074074074},"spread":{"wins":15,"loses":12,"ties":0,"win_profit":28.58,"lose_profit":22.919999999999998,"win_roi":0.058518518518518456,"lose_roi":-0.15111111111111117},"totals":{"overs":13,"unders":14,"ties":0,"over_profit":25.009999999999998,"under_profit":26.61,"over_roi":-0.07370370370370377,"under_roi":-0.014444444444444466},"total_games":27},"NY":{"_id":"NY","name":"New York","nickname":"Knicks","stageName":"New York","moneyline":{"wins":19,"loses":8,"ties":0,"win_profit":26.8,"lose_profit":18.43,"win_roi":-0.007407407407407381,"lose_roi":-0.3174074074074074},"spread":{"wins":17,"loses":10,"ties":0,"win_profit":32.75,"lose_profit":19.19,"win_roi":0.21296296296296297,"lose_roi":-0.2892592592592592},"totals":{"overs":15,"unders":12,"ties":0,"over_profit":27.869999999999997,"under_profit":22.419999999999998,"over_roi":0.032222222222222124,"under_roi":-0.16962962962962969},"total_games":27},"SA":{"_id":"SA","name":"San Antonio","nickname":"Spurs","stageName":"San Antonio","moneyline":{"wins":20,"loses":7,"ties":0,"win_profit":40.4,"lose_profit":14.44,"win_roi":0.49629629629629624,"lose_roi":-0.4651851851851852},"spread":{"wins":17,"loses":10,"ties":0,"win_profit":32.69,"lose_profit":19.23,"win_roi":0.21074074074074065,"lose_roi":-0.28777777777777774},"totals":{"overs":14,"unders":13,"ties":0,"over_profit":26.8,"under_profit":24.45,"over_roi":-0.007407407407407381,"under_roi":-0.09444444444444447},"total_games":27},"MIA":{"_id":"MIA","name":"Miami","nickname":"Heat","stageName":"Miami","moneyline":{"wins":15,"loses":13,"ties":0,"win_profit":29.58,"lose_profit":25.66,"win_roi":0.05642857142857137,"lose_roi":-0.08357142857142856},"spread":{"wins":15,"loses":13,"ties":0,"win_profit":29.05,"lose_profit":24.33,"win_roi":0.037500000000000026,"lose_roi":-0.13107142857142864},"totals":{"overs":13,"unders":15,"ties":0,"over_profit":25.04,"under_profit":28.37,"over_roi":-0.10571428571428575,"under_roi":0.01321428571428575},"total_games":28},"OKC":{"_id":"OKC","name":"Oklahoma City","nickname":"Thunder","stageName":"Oklahoma City","moneyline":{"wins":25,"loses":3,"ties":0,"win_profit":29.330000000000002,"lose_profit":10.35,"win_roi":0.04750000000000006,"lose_roi":-0.6303571428571428},"spread":{"wins":14,"loses":14,"ties":0,"win_profit":26.18,"lose_profit":25.98,"win_roi":-0.06500000000000002,"lose_roi":-0.07214285714285713},"totals":{"overs":14,"unders":14,"ties":0,"over_profit":26.96,"under_profit":25.65,"over_roi":-0.03714285714285711,"under_roi":-0.08392857142857148},"total_games":28},"HOU":{"_id":"HOU","name":"Houston","nickname":"Rockets","stageName":"Houston","moneyline":{"wins":17,"loses":8,"ties":0,"win_profit":23.93,"lose_profit":23.39,"win_roi":-0.04280000000000001,"lose_roi":-0.06439999999999997},"spread":{"wins":15,"loses":10,"ties":0,"win_profit":28.62,"lose_profit":19.13,"win_roi":0.14480000000000004,"lose_roi":-0.23480000000000004},"totals":{"overs":15,"unders":10,"ties":0,"over_profit":28.52,"under_profit":19,"over_roi":0.14079999999999998,"under_roi":-0.24},"total_games":25},"LAL":{"_id":"LAL","name":"Los Angeles","nickname":"Lakers","stageName":"LA Lakers","moneyline":{"wins":19,"loses":7,"ties":0,"win_profit":34.64,"lose_profit":15.01,"win_roi":0.3323076923076923,"lose_roi":-0.4226923076923077},"spread":{"wins":15,"loses":11,"ties":0,"win_profit":28.1,"lose_profit":20.79,"win_roi":0.08076923076923083,"lose_roi":-0.2003846153846154},"totals":{"overs":19,"unders":7,"ties":0,"over_profit":34.7,"under_profit":13.23,